<?xml version="1.0" encoding="UTF-8"?>
<mxfile host="app.diagrams.net" agent="Mozilla/5.0 (Windows NT 10.0; Win64; x64) AppleWebKit/537.36 (KHTML, like Gecko) Chrome/140.0.0.0 Safari/537.36" version="28.2.5">
  <diagram name="Page-1" id="SGHfn5zP08R4D5dgAzjB">
    <mxGraphModel dx="1281" dy="623" grid="1" gridSize="10" guides="1" tooltips="1" connect="1" arrows="1" fold="1" page="1" pageScale="1" pageWidth="850" pageHeight="1100" math="0" shadow="0">
      <root>
        <mxCell id="0" />
        <mxCell id="1" parent="0" />
        <mxCell id="lYPTr2d2uwx8SJeA72Sm-1" value="" style="html=1;verticalAlign=bottom;startArrow=oval;startFill=1;endArrow=block;startSize=8;curved=0;rounded=0;entryX=0;entryY=0.5;entryDx=0;entryDy=0;" parent="1" target="lYPTr2d2uwx8SJeA72Sm-4" edge="1">
          <mxGeometry x="-0.0909" y="35" width="60" relative="1" as="geometry">
            <mxPoint x="90" y="525" as="sourcePoint" />
            <mxPoint x="340" y="550" as="targetPoint" />
            <mxPoint as="offset" />
          </mxGeometry>
        </mxCell>
        <mxCell id="lYPTr2d2uwx8SJeA72Sm-2" style="edgeStyle=orthogonalEdgeStyle;rounded=0;orthogonalLoop=1;jettySize=auto;html=1;exitX=0.5;exitY=0;exitDx=0;exitDy=0;entryX=0.5;entryY=1;entryDx=0;entryDy=0;" parent="1" source="lYPTr2d2uwx8SJeA72Sm-4" target="lYPTr2d2uwx8SJeA72Sm-5" edge="1">
          <mxGeometry relative="1" as="geometry" />
        </mxCell>
        <mxCell id="lYPTr2d2uwx8SJeA72Sm-3" style="edgeStyle=orthogonalEdgeStyle;rounded=0;orthogonalLoop=1;jettySize=auto;html=1;exitX=1;exitY=0.5;exitDx=0;exitDy=0;entryX=0;entryY=0.5;entryDx=0;entryDy=0;" parent="1" source="lYPTr2d2uwx8SJeA72Sm-4" target="lYPTr2d2uwx8SJeA72Sm-7" edge="1">
          <mxGeometry relative="1" as="geometry" />
        </mxCell>
        <mxCell id="7Z-aVZA26T3v1QQLWPRj-3" style="edgeStyle=orthogonalEdgeStyle;rounded=0;orthogonalLoop=1;jettySize=auto;html=1;exitX=1;exitY=0.75;exitDx=0;exitDy=0;entryX=0;entryY=0.75;entryDx=0;entryDy=0;" edge="1" parent="1" source="lYPTr2d2uwx8SJeA72Sm-4" target="7Z-aVZA26T3v1QQLWPRj-1">
          <mxGeometry relative="1" as="geometry" />
        </mxCell>
        <mxCell id="7Z-aVZA26T3v1QQLWPRj-6" style="edgeStyle=orthogonalEdgeStyle;rounded=0;orthogonalLoop=1;jettySize=auto;html=1;exitX=0.25;exitY=1;exitDx=0;exitDy=0;entryX=0.25;entryY=0;entryDx=0;entryDy=0;" edge="1" parent="1" source="lYPTr2d2uwx8SJeA72Sm-4" target="7Z-aVZA26T3v1QQLWPRj-5">
          <mxGeometry relative="1" as="geometry" />
        </mxCell>
        <mxCell id="lYPTr2d2uwx8SJeA72Sm-4" value="MoveForward" style="html=1;whiteSpace=wrap;" parent="1" vertex="1">
          <mxGeometry x="140" y="500" width="110" height="50" as="geometry" />
        </mxCell>
        <mxCell id="lYPTr2d2uwx8SJeA72Sm-5" value="End" style="html=1;whiteSpace=wrap;" parent="1" vertex="1">
          <mxGeometry x="50" y="370" width="110" height="50" as="geometry" />
        </mxCell>
        <mxCell id="7Z-aVZA26T3v1QQLWPRj-2" style="edgeStyle=orthogonalEdgeStyle;rounded=0;orthogonalLoop=1;jettySize=auto;html=1;exitX=0.5;exitY=0;exitDx=0;exitDy=0;entryX=0.75;entryY=0;entryDx=0;entryDy=0;" edge="1" parent="1" source="lYPTr2d2uwx8SJeA72Sm-7" target="lYPTr2d2uwx8SJeA72Sm-4">
          <mxGeometry relative="1" as="geometry" />
        </mxCell>
        <mxCell id="lYPTr2d2uwx8SJeA72Sm-7" value="TurnRight" style="html=1;whiteSpace=wrap;" parent="1" vertex="1">
          <mxGeometry x="290" y="450" width="110" height="50" as="geometry" />
        </mxCell>
        <mxCell id="7Z-aVZA26T3v1QQLWPRj-4" style="edgeStyle=orthogonalEdgeStyle;rounded=0;orthogonalLoop=1;jettySize=auto;html=1;exitX=0.25;exitY=1;exitDx=0;exitDy=0;entryX=0.75;entryY=1;entryDx=0;entryDy=0;" edge="1" parent="1" source="7Z-aVZA26T3v1QQLWPRj-1" target="lYPTr2d2uwx8SJeA72Sm-4">
          <mxGeometry relative="1" as="geometry" />
        </mxCell>
        <mxCell id="7Z-aVZA26T3v1QQLWPRj-1" value="TurnLeft" style="html=1;whiteSpace=wrap;" vertex="1" parent="1">
          <mxGeometry x="290" y="525" width="110" height="50" as="geometry" />
        </mxCell>
        <mxCell id="7Z-aVZA26T3v1QQLWPRj-7" style="edgeStyle=orthogonalEdgeStyle;rounded=0;orthogonalLoop=1;jettySize=auto;html=1;exitX=0.75;exitY=0;exitDx=0;exitDy=0;entryX=0.5;entryY=1;entryDx=0;entryDy=0;" edge="1" parent="1" source="7Z-aVZA26T3v1QQLWPRj-5" target="lYPTr2d2uwx8SJeA72Sm-4">
          <mxGeometry relative="1" as="geometry" />
        </mxCell>
        <mxCell id="7Z-aVZA26T3v1QQLWPRj-5" value="Realign" style="html=1;whiteSpace=wrap;" vertex="1" parent="1">
          <mxGeometry x="100" y="590" width="110" height="50" as="geometry" />
        </mxCell>
      </root>
    </mxGraphModel>
  </diagram>
</mxfile>
